artist_name,artist_id,deezer_fans,deezer_rank,picture_url,deezer_link,top_track_name,top_track_rank,top_track_duration,genero,ratio_fans_rank_raw,ratio_fans_rank,top_track_dominance_raw,top_track_dominance,es_solista,nombre_corto,genero_encoded
KAROL G,5297021,3411931,792140,https://cdn-images.dzcdn.net/images/artist/5b0aab23f8d2856951a92f3a9faf70e3/1000x1000-000000-80-0-0.jpg,https://www.deezer.com/artist/5297021,BbY WOW,974722,225,urbano,4.3072323074204055,1.669070476662051,1.2304920847324967,0.8022222269282369,1,1,0
Legião Urbana,15810,2906324,0,https://cdn-images.dzcdn.net/images/artist/27331b5535cf5a8fd0cece324c201a18/1000x1000-000000-80-0-0.jpg,https://www.deezer.com/artist/15810,Tempo Perdido,830031,300,urbano,4.508221234984612,1.706241746178982,1.2875245085873126,0.8274702322466735,1,0,0
Marc Anthony,112,2605581,0,https://cdn-images.dzcdn.net/images/artist/fc838a70027abfd9b9d0f8906f2a1421/1000x1000-000000-80-0-0.jpg,https://www.deezer.com/artist/112,Volver,569324,232,salsa,4.041715787253053,1.617746458127559,0.8831219596942321,0.6329310164008835,1,0,6
Myke Towers,12029862,1706028,637902,https://cdn-images.dzcdn.net/images/artist/d3a7418b4e44bf8ee3ae268067a86f09/1000x1000-000000-80-0-0.jpg,https://www.deezer.com/artist/12029862,CARITA FELIZ,698888,193,urbano,2.6744358851359613,1.3013996202390947,1.0956040269508482,0.7398418301719787,1,1,0
Bizarrap,12487862,1124758,620849,https://cdn-images.dzcdn.net/images/artist/e121c1ef9b1135e6a5b71c1e65ab10b4/1000x1000-000000-80-0-0.jpg,https://www.deezer.com/artist/12487862,"Quevedo: Bzrp Music Sessions, Vol. 52/66",796653,198,urbano,1.8116450215752944,1.03376972898672,1.2831670824950994,0.825563550369117,1,1,0
Feid,1166311,905477,676992,https://cdn-images.dzcdn.net/images/artist/e629c93e03b3c225d8d52a42bae71537/1000x1000-000000-80-0-0.jpg,https://www.deezer.com/artist/1166311,PARADIXE,648293,342,urbano,1.337500295424466,0.8490821085654953,0.9576080662696161,0.6717233536270144,1,1,0
Peso Pluma,80365122,507440,660421,https://cdn-images.dzcdn.net/images/artist/dde2bf89c1e8da0aeb94436681bc3aac/1000x1000-000000-80-0-0.jpg,https://www.deezer.com/artist/80365122,LADY GAGA,637534,212,urbano,0.7683583653457415,0.5700516390068303,0.9653448330686032,0.6756677174918019,1,1,0
Keith Urban,3249,399163,0,https://cdn-images.dzcdn.net/images/artist/217da9e726481044a9b3209bcd17a2c2/1000x1000-000000-80-0-0.jpg,https://www.deezer.com/artist/3249,One Too Many,495899,204,urbano,0.6191722302193984,0.4819150496547751,0.7692268316291075,0.570542632864197,1,1,0
Ryan Castro,11815065,310232,651442,https://cdn-images.dzcdn.net/images/artist/85e4705e8cab0354605581abd89c703d/1000x1000-000000-80-0-0.jpg,https://www.deezer.com/artist/11815065,CHÉVERE (premium_remix),684452,219,urbano,0.47622351644505573,0.3894871486191886,1.0506722010555045,0.7181676423557971,1,1,0
Quevedo,6705223,301973,678376,https://cdn-images.dzcdn.net/images/artist/79880cc1b999b15567e332203464c34e/1000x1000-000000-80-0-0.jpg,https://www.deezer.com/artist/6705223,YO y TÚ,754646,198,urbano,0.44514104272556815,0.3682069242236395,1.112430274655943,0.7478390736244522,1,1,0
Mora,3922661,243196,540199,https://cdn-images.dzcdn.net/images/artist/f44bb8e98463bc41d195c63c43768701/1000x1000-000000-80-0-0.jpg,https://www.deezer.com/artist/3922661,LA INOCENTE,618993,202,urbano,0.4501970570104721,0.37169944858525866,1.145861062312222,0.7635408994808424,1,1,0
Sub Urban,7815200,239315,0,https://cdn-images.dzcdn.net/images/artist/7b49d4759a476dea7e868488c0a478ce/1000x1000-000000-80-0-0.jpg,https://www.deezer.com/artist/7815200,Cradles,743940,209,urbano,0.3712197830834905,0.31570069632694203,1.1539821800853767,0.7673183057591108,1,1,0
Papatinho,4688569,234158,0,https://cdn-images.dzcdn.net/images/artist/92575d2dde7dd68462cbf056a532d72d/1000x1000-000000-80-0-0.jpg,https://www.deezer.com/artist/4688569,Improvável,546608,236,pop latino,0.3632203663258215,0.30984981706774234,0.8478854363149012,0.6140419779617337,1,1,1
Electric Callboy,163128877,155104,0,https://cdn-images.dzcdn.net/images/artist/c043f010f24c5c9c2c4fabd49f2e9479/1000x1000-000000-80-0-0.jpg,https://www.deezer.com/artist/163128877,RATATATA,700120,216,electrónica,0.24059366623647374,0.21559002814039252,1.086009629703167,0.7352529729165194,1,0,3
TrapLaudo,88974232,144475,0,https://cdn-images.dzcdn.net/images/artist/1df880ed152217f945b54189ef571ab4/1000x1000-000000-80-0-0.jpg,https://www.deezer.com/artist/88974232,Diz Aí Qual é o Plano?,658978,703,trap latino,0.22410621215129553,0.202210954958845,1.0221911297528046,0.7041816412313628,1,1,0
Reggaeton Total,323664,143232,0,https://cdn-images.dzcdn.net/images/artist/e8441e034ac0bfd139145d536e3d5b22/1000x1000-000000-80-0-0.jpg,https://www.deezer.com/artist/323664,Locura Automática,171689,246,reggaeton,0.22217809987094211,0.20063459470493383,0.26631992703266155,0.2361149987737806,1,0,0
Young Miko,139171932,136510,618781,https://cdn-images.dzcdn.net/images/artist/5912325ca89e72e925de22d05001ed4a/1000x1000-000000-80-0-0.jpg,https://www.deezer.com/artist/139171932,CLASSY 101,686981,195,urbano,0.22061116937979672,0.1993516918153729,1.1102167002542094,0.7467906437568121,1,1,0
Hindi Zahra,298133,128341,0,https://cdn-images.dzcdn.net/images/artist/18f936f58d1c70678905db7e689db4f8/1000x1000-000000-80-0-0.jpg,https://www.deezer.com/artist/298133,Beautiful Tango (Unplugged),542788,265,indie,0.19907953191700586,0.18155420571958233,0.8419599424203316,0.6108301908107282,1,1,2
India.Arie,5252,75140,0,https://cdn-images.dzcdn.net/images/artist/182f57a7a7f42bd273de62788df3b700/1000x1000-000000-80-0-0.jpg,https://www.deezer.com/artist/5252,Brown Skin,393468,296,indie,0.11655539561203217,0.11024840648333252,0.6103382805519706,0.47644426906998766,1,1,2
SAIKO,3340,53987,470150,https://cdn-images.dzcdn.net/images/artist/3043a18022677b1fd95cb043d00bab63/1000x1000-000000-80-0-0.jpg,https://www.deezer.com/artist/3340,REINA,539293,211,urbano,0.11482930979474636,0.1087013078074407,1.147065830054238,0.7641021798398379,1,1,0
Reggaeton,67760,45002,0,https://cdn-images.dzcdn.net/images/artist/70c2656d7fab6c1f3687fbcbe7bbb46a/1000x1000-000000-80-0-0.jpg,https://www.deezer.com/artist/67760,,0,0,reggaeton,0.06980604090141963,0.06747736185679987,0.26081635312220786,0.23175941047058551,1,1,0
Reggaetones,1221442,43740,0,https://cdn-images.dzcdn.net/images/artist/b38d1c29b8cff42437c5ad78c9b964c5/1000x1000-000000-80-0-0.jpg,https://www.deezer.com/artist/1221442,Como Toda Una Señora (Regueton Viejo),366536,203,reggaeton,0.0678484562692346,0.06564583559097852,0.5685619974188425,0.45015927443348724,1,1,0
Trap Nation,5823090,41650,0,https://cdn-images.dzcdn.net/images/artist/57c0a85ecc76da659793bf29c7bcadc9/1000x1000-000000-80-0-0.jpg,https://www.deezer.com/artist/5823090,,0,0,trap latino,0.06460649756775538,0.06260524503279949,0.26081635312220786,0.23175941047058551,1,1,0
Electronica,384954,28059,0,https://cdn-images.dzcdn.net/images/artist/ac5274392e6ce1f6f6225f295fe0ec45/1000x1000-000000-80-0-0.jpg,https://www.deezer.com/artist/384954,"Coke, Sex, Drugs",22008,247,electrónica,0.04352445894966743,0.04260388659886645,0.03413829047949965,0.03356851035375941,1,1,3
Tokyo Police Club,8786,18688,0,https://cdn-images.dzcdn.net/images/artist/d201e5cbfc7f409903b059f63f122fb5/1000x1000-000000-80-0-0.jpg,https://www.deezer.com/artist/8786,Your English Is Good,210377,191,indie,0.028988384791025515,0.02857616892719884,0.3263318400675072,0.2824171169159128,1,0,2
Salsa Mix,2121751,13912,0,https://cdn-images.dzcdn.net/images/artist/c1da70c9fe08e85a4e124da5d7d44c8a/1000x1000-000000-80-0-0.jpg,https://www.deezer.com/artist/2121751,Fabricando Fantasias,125662,273,salsa,0.02157996624640127,0.0213504153700668,0.19492393030874616,0.17808252671190306,1,1,6
Salsa,156583,13078,0,https://cdn-images.dzcdn.net/images/artist/ccae5be4ba6d34929d537a35cb28f1d7/1000x1000-000000-80-0-0.jpg,https://www.deezer.com/artist/156583,Que Locura Enamorarme De Ti,347727,311,salsa,0.020286285118633972,0.020083259600186188,0.5393859202819419,0.43138358383872005,1,1,6
Reggaeton Latino,94905,12011,0,https://cdn-images.dzcdn.net/images/artist/dd3af3c27c528b6ff58a59b8bb21daac/1000x1000-000000-80-0-0.jpg,https://www.deezer.com/artist/94905,La Popola,135323,195,reggaeton,0.01863117988682617,0.01845974553082494,0.20990984562692347,0.19054584908646546,1,0,0
Volker Bertelmann,4576779,11225,0,https://cdn-images.dzcdn.net/images/artist/bb03c4587b9aa331f0a8e523a323eaaf/1000x1000-000000-80-0-0.jpg,https://www.deezer.com/artist/4576779,"Lion Theme (From ""Lion"" Soundtrack)",536015,119,folk,0.01741195522684404,0.017262104101046036,0.8314538245805619,0.6051100911146842,1,0,2
Volkoder,4052604,10804,0,https://cdn-images.dzcdn.net/images/artist/6629a6d262ffd6ecccdda364003df8fb/1000x1000-000000-80-0-0.jpg,https://www.deezer.com/artist/4052604,Other Dimension,682244,204,folk,0.016758909957311625,0.016620028940945178,1.0582808001588404,0.7218710713301976,1,1,2
Maykel Blanco Y Su Salsa Mayor,1378446,9846,0,https://cdn-images.dzcdn.net/images/artist/6f9e9b43ac8af72afe83edab329bc7bb/1000x1000-000000-80-0-0.jpg,https://www.deezer.com/artist/1378446,Siempre Que Llueve Escampa,255354,292,salsa,0.015272882954432642,0.015157426561422957,0.39609910155862205,0.33368199147570776,0,0,6
Salsa Clásica,14215581,9386,0,https://cdn-images.dzcdn.net/images/artist/1509df074ff50860e4411d8f5ce046bf/1000x1000-000000-80-0-0.jpg,https://www.deezer.com/artist/14215581,Tu Amante O Tu Amigo,103959,250,salsa,0.01455934180482478,0.014454372219989815,0.16125874863496475,0.149504544925898,1,0,6
Indira Paganotto,5576719,9188,0,https://cdn-images.dzcdn.net/images/artist/ae14be4ebea3e1ed982a77884506ba4f/1000x1000-000000-80-0-0.jpg,https://www.deezer.com/artist/5576719,La Patrona,144486,201,indie,0.01425220887521096,0.014151600943025108,0.22412327509182964,0.20222489396303012,1,0,2
You Salsa,14210919,8123,0,https://cdn-images.dzcdn.net/images/artist/50432434ef407835f5c0f3a28ca09416/1000x1000-000000-80-0-0.jpg,https://www.deezer.com/artist/14210919,¿ Y Ahora Qué Hacemos?,102762,298,salsa,0.01260020599622754,0.012521483986623144,0.15940199046957212,0.14790434673207187,1,1,6
La Mejor Música Electrónica,85834832,7852,0,https://cdn-images.dzcdn.net/images/artist/e7d6c6b38e93adf12cba422c4924e89b/1000x1000-000000-80-0-0.jpg,https://www.deezer.com/artist/85834832,Tu Cuerpo Tu Templo,120026,244,electrónica,0.012179837188523777,0.012106259809401151,0.18618150004963765,0.17073932432180947,1,0,3
Salsa Picante,153220,7530,0,https://cdn-images.dzcdn.net/images/artist/458e3038297e127f4c88a201e04442d5/1000x1000-000000-80-0-0.jpg,https://www.deezer.com/artist/153220,Corazon Embustero,394132,370,salsa,0.011680358383798273,0.011612669574305902,0.6113682616896654,0.4770836700578064,1,0,6
Trap Nation (US),50064442,7355,0,https://cdn-images.dzcdn.net/images/artist/8826567e25b0f0b7419363f1aa49da03/1000x1000-000000-80-0-0.jpg,https://www.deezer.com/artist/50064442,Juan Pablo,137156,104,trap latino,0.011408902511664846,0.011344311791968244,0.21275315199046957,0.19289310718369473,1,0,0
Salsa Celtica,484607,7319,0,https://cdn-images.dzcdn.net/images/artist/8fa4ddbfb21dbae4857520f0b4490120/1000x1000-000000-80-0-0.jpg,https://www.deezer.com/artist/484607,El Sol de la Noche,382031,354,salsa,0.01135306016082597,0.01128909783018375,0.5925974759257421,0.46536631596348665,1,0,6
Agrupación Reggaeton,458683,7279,0,https://cdn-images.dzcdn.net/images/artist/3210f5cce2537c6a632258367126a04d/1000x1000-000000-80-0-0.jpg,https://www.deezer.com/artist/458683,La vecinita (Reggaeton),105966,263,reggaeton,0.01129101310433833,0.01122774540804757,0.1643719596942321,0.15218185126497752,1,0,0
Urban & 4,16219,6602,0,https://cdn-images.dzcdn.net/images/artist/434eea429b34ab680c4bfeef21e93050/1000x1000-000000-80-0-0.jpg,https://www.deezer.com/artist/16219,,0,0,urbano,0.01024086667328502,0.010188784275628505,0.26081635312220786,0.23175941047058551,0,1,0
Indie Space,103057572,4121,0,https://cdn-images.dzcdn.net/images/artist/c43b141eb56af542c49f6c3631d60d04/1000x1000-000000-80-0-0.jpg,https://www.deezer.com/artist/103057572,TUDO,88375,148,indie,0.006392397994639134,0.006372053273585429,0.1370852154273801,0.128468159565403,1,1,2
folkshilfe,5389905,3729,0,https://cdn-images.dzcdn.net/images/artist/3ec4528fa0e9b3bfa9a366411d7578f3/1000x1000-000000-80-0-0.jpg,https://www.deezer.com/artist/5389905,,0,0,folk,0.00578433684106026,0.005767671797981347,0.26081635312220786,0.23175941047058551,1,1,2
Jerry Folk,8581652,3412,0,https://cdn-images.dzcdn.net/images/artist/351b5ecb97d21bd06b461afdac9e6fde/1000x1000-000000-80-0-0.jpg,https://www.deezer.com/artist/8581652,You Know,168141,199,folk,0.005292613918395711,0.005278657260493979,0.26081635312220786,0.23175941047058551,1,1,2
Salsa Kids,16728,3391,0,https://cdn-images.dzcdn.net/images/artist/44a487bc0dd416c39ea4c32635d2978d/1000x1000-000000-80-0-0.jpg,https://www.deezer.com/artist/16728,Déjame Un Beso,439828,240,salsa,0.0052600392137397,0.00524625352850704,0.6822508190211456,0.5201326699467131,1,1,6
Reggaeton Man Flow,1012101,3190,0,https://cdn-images.dzcdn.net/images/artist/c42f10059ce6248aeea74934f109d6ef/1000x1000-000000-80-0-0.jpg,https://www.deezer.com/artist/1012101,Esta Noche De Travesura,86898,207,reggaeton,0.004948252754889308,0.004936050389263975,0.13479412786657402,0.1264512493415097,1,0,0
Urban Love,816085,3011,0,https://cdn-images.dzcdn.net/images/artist/8e13e3f3ce0a7bffdae27b3979ab2c50/1000x1000-000000-80-0-0.jpg,https://www.deezer.com/artist/816085,Don't Dream It's Over,336747,257,urbano,0.004670592177107118,0.0046597188050441695,0.5223540032760846,0.4202578232460023,1,1,0
Urban Life Worship,11268552,2908,0,https://cdn-images.dzcdn.net/images/artist/9fd241ea1bab05e5c672bb13c790be59/1000x1000-000000-80-0-0.jpg,https://www.deezer.com/artist/11268552,,0,0,urbano,0.004510821006651444,0.004500677745094015,0.26081635312220786,0.23175941047058551,1,0,0
Workout Electronica,8905324,2753,0,https://cdn-images.dzcdn.net/images/artist/76801e915904962a76d59b7a4667f1b3/1000x1000-000000-80-0-0.jpg,https://www.deezer.com/artist/8905324,"Desire Tone, Pt. 25 (125 BPM Deep House Rave Fitness DJ Mix)",22046,323,electrónica,0.004270388662761838,0.004261296428820845,0.03419723518316291,0.03362550758940891,1,0,3
indie tribe,128304682,2255,0,https://cdn-images.dzcdn.net/images/artist/9fa673b52f5eaa2f038e51bcfdc3ad53/1000x1000-000000-80-0-0.jpg,https://www.deezer.com/artist/128304682,HOLY SMOKE! (feat. Jon Keith),126725,196,indie,0.0034979028094907177,0.0034917993761285062,0.1965728308349052,0.17946149641342204,1,1,2
El Inspector de la Salsa,1311713,2177,0,https://cdn-images.dzcdn.net/images/artist/c258e9d6c898df84259a4c216076274c/1000x1000-000000-80-0-0.jpg,https://www.deezer.com/artist/1311713,Anhelos (2a. de La Persona Ideal),186433,255,salsa,0.0033769110493398194,0.003371222089033209,0.2891904720540058,0.2540144803438782,1,0,6
Sally Folk,4514833,2154,0,https://cdn-images.dzcdn.net/images/artist/1f820b9fed55c9fcff229c5eabb5d627/1000x1000-000000-80-0-0.jpg,https://www.deezer.com/artist/4514833,,0,0,folk,0.003341233991859426,0.0033356644721627836,0.26081635312220786,0.23175941047058551,1,1,2
Folkeklubben,3889401,2117,0,https://cdn-images.dzcdn.net/images/artist/91f1e87d75c43cc04467dec06cd5ba84/1000x1000-000000-80-0-0.jpg,https://www.deezer.com/artist/3889401,,0,0,folk,0.003283840464608359,0.0032784604353974563,0.26081635312220786,0.23175941047058551,1,0,2
Hermano,14171845,2111,0,https://cdn-images.dzcdn.net/images/artist/2a811b217ec559620ea5e08b512c1771/1000x1000-000000-80-0-0.jpg,https://www.deezer.com/artist/14171845,Roll Over,76091,282,urbano,0.0032745334061352127,0.003269183796756479,0.11803056438002581,0.11156871280289143,1,1,0
Folk Bitch Trio,158704702,1752,0,https://cdn-images.dzcdn.net/images/artist/c79a9aaa0a84ec4d792ceb7406e975fc/1000x1000-000000-80-0-0.jpg,https://www.deezer.com/artist/158704702,Hotel TV,366472,277,folk,0.002717661074158642,0.002713974910287385,0.5684627221284623,0.4500959817920268,1,0,2
Folknery,10542647,1701,0,https://cdn-images.dzcdn.net/images/artist/4af14d832e9f2d802df661547c1699ba/1000x1000-000000-80-0-0.jpg,https://www.deezer.com/artist/10542647,Karchata,286482,284,folk,0.0026385510771369004,0.002635076212307027,0.44438412091730367,0.3676830168113756,1,1,2
Indiens d Amerique pour Relaxation et Méditation,3876771,1614,0,https://cdn-images.dzcdn.net/images/artist/72a709a86116eb7b9a91f580fa1e97fc/1000x1000-000000-80-0-0.jpg,https://www.deezer.com/artist/3876771,Flute Musique pour Détente,250839,153,indie,0.002503598729276283,0.0025004699470331047,0.3890955400575797,0.3286528447455316,1,0,2
La República Rock Latino,8927936,1580,0,https://cdn-images.dzcdn.net/images/artist/c3a77969b109e4fdc00bdacc105147e4/1000x1000-000000-80-0-0.jpg,https://www.deezer.com/artist/8927936,,0,0,rock latino,0.0024508587312617887,0.0024478602751970085,0.26081635312220786,0.23175941047058551,1,0,2
Génération Reggaeton,148320,1559,0,https://cdn-images.dzcdn.net/images/artist/9876a9646426df315225c3ae045ef994/1000x1000-000000-80-0-0.jpg,https://www.deezer.com/artist/148320,I'M Still In Love With You,176604,272,reggaeton,0.0024182840266057776,0.00241536468337592,0.2739439590985804,0.2421175680337836,1,0,0
LoFi & Chill Electronica,215969815,1540,0,https://cdn-images.dzcdn.net/images/artist/1408d952b6a9e45cd40faaacdb441a6d/1000x1000-000000-80-0-0.jpg,https://www.deezer.com/artist/215969815,Riptide Waves,125171,202,electrónica,0.0023888116747741487,0.0023859629998953043,0.19416230269036036,0.17744493763398092,0,0,3
Salsa & Merengue,242237921,1422,0,https://cdn-images.dzcdn.net/images/artist/e2de57b9aa3c420e80fc6469b5f40595/1000x1000-000000-80-0-0.jpg,https://www.deezer.com/artist/242237921,Bailongo,37094,182,salsa,0.0022057728581356103,0.0022033437126244265,0.05753933783381317,0.05594483014365702,0,0,6
Rocazino,133196,1383,0,https://cdn-images.dzcdn.net/images/artist/f12917a78aacfbdfdcd28b4f73317f2e/1000x1000-000000-80-0-0.jpg,https://www.deezer.com/artist/133196,All My Love,359799,214,rock latino,0.002145276978060161,0.0021429791571252656,0.5581117219299117,0.44347465343340503,1,1,2
Open Road Folk Music,150079312,1258,0,https://cdn-images.dzcdn.net/images/artist/2b411a5aab53133eb4d0aab1a6c4e536/1000x1000-000000-80-0-0.jpg,https://www.deezer.com/artist/150079312,November Autumn Frost,68584,192,folk,0.001951379926536285,0.0019494784579839807,0.10638588305370793,0.10109874193569776,1,0,2
Volker Kutscher,6593520,1153,0,https://cdn-images.dzcdn.net/images/artist/8721c0ae394b1e4cee7380fcec6981b7/1000x1000-000000-80-0-0.jpg,https://www.deezer.com/artist/6593520,,0,0,folk,0.0017885064032562294,0.0017869089301226564,0.26081635312220786,0.23175941047058551,1,0,2
Reggaeton Club,148734,1131,0,https://cdn-images.dzcdn.net/images/artist/8a31df58fc23d195e8d05a3a109ac5a9/1000x1000-000000-80-0-0.jpg,https://www.deezer.com/artist/148734,Dile,162003,207,reggaeton,0.0017543805221880275,0.0017528433942220296,0.2512952323041795,0.2241792006875588,1,0,0
Reggaeton & Hip Hop Instrumentals Pistas,1255413,1067,0,https://cdn-images.dzcdn.net/images/artist/8fab15d954e966e12d1aeebf1420ee42/1000x1000-000000-80-0-0.jpg,https://www.deezer.com/artist/1255413,,0,0,reggaeton,0.001655105231807803,0.0016537370545871058,0.26081635312220786,0.23175941047058551,0,0,0
Salsa Baul,109163382,1066,0,https://cdn-images.dzcdn.net/images/artist/5f9a4cc5938f4099f57696c3bd1ac49e/1000x1000-000000-80-0-0.jpg,https://www.deezer.com/artist/109163382,Sabatina Limpia,64414,224,salsa,0.001653554055395612,0.0016521884400937774,0.09991747741487143,0.09523515645820894,1,1,6
Banda Reggaeton,459177,990,0,https://cdn-images.dzcdn.net/images/artist/dfc1e56f05a1e5cd4715a5e93ba62ec3/1000x1000-000000-80-0-0.jpg,https://www.deezer.com/artist/459177,Sigue Bailando Mi Amor,72984,199,reggaeton,0.0015356646480690955,0.0015344867208933125,0.11321105926734835,0.10724868528369647,1,0,0
Folk Road Show,11072056,949,0,https://cdn-images.dzcdn.net/images/artist/07e4eaf13cabd443bbd08ae2eca6482a/1000x1000-000000-80-0-0.jpg,https://www.deezer.com/artist/11072056,Something in the Water,422858,198,folk,0.0014720664151692644,0.001470983987543957,0.6559273553062642,0.5043611874321771,1,0,2
Electronicat,3765,931,0,https://cdn-images.dzcdn.net/images/artist/85e92c2adab181c507d36044a87deb2c/1000x1000-000000-80-0-0.jpg,https://www.deezer.com/artist/3765,Flesh + Acessoires,26876,310,electrónica,0.0014441452397498263,0.001443103464875286,0.041689417254045465,0.04084383484563713,1,0,3
Reggaeton G.,254361,919,0,https://cdn-images.dzcdn.net/images/artist/f923e8a656ca8d6a5f74f235f5cd1c7d/1000x1000-000000-80-0-0.jpg,https://www.deezer.com/artist/254361,Enamórame,193238,263,reggaeton,0.0014255311228035341,0.0014245160179070604,0.29974622753896557,0.2621690358262089,1,0,0
Reggaeton Band,156582,812,0,https://cdn-images.dzcdn.net/images/artist/d925b1a48ca83c1c1de957fc4907cdca/1000x1000-000000-80-0-0.jpg,https://www.deezer.com/artist/156582,La Gasolina,358713,257,reggaeton,0.0012595552466990966,0.0012587626724469162,0.5564271443462722,0.4423929024453842,1,0,0
Sergio George's Salsa Giants,4806245,791,0,https://cdn-images.dzcdn.net/images/artist/15ff022a5146e71886ed857551f8e23a/1000x1000-000000-80-0-0.jpg,https://www.deezer.com/artist/4806245,Bajo la Tormenta,391754,270,salsa,0.0012269805420430855,0.0012262284165838134,0.6076795641814753,0.4747918748921278,1,0,6
Georgian Folk,70642132,758,0,https://cdn-images.dzcdn.net/images/artist/735c277db21efa687678dfcd57880da3/1000x1000-000000-80-0-0.jpg,https://www.deezer.com/artist/70642132,Acharuli Gandagana,544575,113,folk,0.0011757917204407824,0.001175101018717083,0.844731894668917,0.612333952390717,1,0,2
Reggaeton Acústico,13231461,633,0,https://cdn-images.dzcdn.net/images/artist/532cab5c51677e9b0f4540af8b2cd16e/1000x1000-000000-80-0-0.jpg,https://www.deezer.com/artist/13231461,Escápate Conmigo (Cover Acustico),33443,234,reggaeton,0.0009818946689169065,0.0009814129256681117,0.051875992752903805,0.0505752297560983,1,0,0
Population II,106460692,605,0,https://cdn-images.dzcdn.net/images/artist/74f447ae0a9a4d86c6510462440bd1ea/1000x1000-000000-80-0-0.jpg,https://www.deezer.com/artist/106460692,,0,0,pop latino,0.0009384617293755585,0.0009380216494773804,0.26081635312220786,0.23175941047058551,1,0,1
Electronica House Beat,223761835,592,0,https://cdn-images.dzcdn.net/images/artist/3b56758434eab956c5face26d09ebb6f/1000x1000-000000-80-0-0.jpg,https://www.deezer.com/artist/223761835,Entrenamiento,113942,132,electrónica,0.0009182964360170754,0.0009178750597906681,0.17674414275786757,0.16275142381306437,1,0,3
Latin Pop Heroes,4899164,577,0,https://cdn-images.dzcdn.net/images/artist/f236084cb93dfa827ae95381f342445c/1000x1000-000000-80-0-0.jpg,https://www.deezer.com/artist/4899164,Charlie Brown,196069,227,pop latino,0.0008950287898342103,0.0008946284904020986,0.3041376079618783,0.26554198551494557,1,0,1
Gunda Merced Y Su Salsa Fever,49819962,557,0,https://cdn-images.dzcdn.net/images/artist/4fa60448737e66d5f341aa054dcdfc43/1000x1000-000000-80-0-0.jpg,https://www.deezer.com/artist/49819962,Feliz Me Siento,359543,332,salsa,0.0008640052615903901,0.0008636322238999168,0.5577146207683907,0.4432197604323227,0,0,6
Urbano,992925,548,0,https://cdn-images.dzcdn.net/images/artist/cc657dcb6e23adbd6f8386556e8777a5/1000x1000-000000-80-0-0.jpg,https://www.deezer.com/artist/992925,Listen To Your Heart,214603,140,urbano,0.0008500446738806711,0.0008496835905170463,0.3328871115854264,0.2873473501275834,1,1,0
Luifer de la Salsa,554708,547,0,https://cdn-images.dzcdn.net/images/artist/114b388cbc9a9c69a8ae4b46b5cef3a7/1000x1000-000000-80-0-0.jpg,https://www.deezer.com/artist/554708,Solamente Tú,138276,255,salsa,0.0008484934974684801,0.0008481337303531792,0.2144904695721235,0.1943246222264382,1,0,6
Musica Electronica Dance,230402745,545,0,https://cdn-images.dzcdn.net/images/artist/49cbe822c2d9efc250f3bdade631d452/1000x1000-000000-80-0-0.jpg,https://www.deezer.com/artist/230402745,Música para Superar tus Límites,101493,193,electrónica,0.000845391144644098,0.0008450340028192269,0.15743354760250175,0.14620509505160276,1,0,3
Fanfara Electronica,9155542,544,0,https://cdn-images.dzcdn.net/images/artist/ffae1e419434c9ecc96862d2cb8e8e33/1000x1000-000000-80-0-0.jpg,https://www.deezer.com/artist/9155542,Funky Indian,7800,235,electrónica,0.0008438399682319071,0.0008434841354491269,0.012099176015089844,0.012026566078496961,1,0,3
Folk,517660,465,0,https://cdn-images.dzcdn.net/images/artist/c2e6d47159a087358bd44e7a7d2023e7/1000x1000-000000-80-0-0.jpg,https://www.deezer.com/artist/517660,,0,0,folk,0.0007212970316688176,0.0007210370219868327,0.26081635312220786,0.23175941047058551,1,1,2
The Folks,3152461,420,0,https://cdn-images.dzcdn.net/images/artist/fdaed74d0f852db228982fe0bd25b893/1000x1000-000000-80-0-0.jpg,https://www.deezer.com/artist/3152461,My October,296035,124,folk,0.0006514940931202223,0.0006512819629728954,0.45920250918296435,0.3778900598971452,1,1,2
Pop Latino,10258266,396,0,https://cdn-images.dzcdn.net/images/artist//1000x1000-000000-80-0-0.jpg,https://www.deezer.com/artist/10258266,,0,0,pop latino,0.0006142658592276383,0.0006140772751779423,0.26081635312220786,0.23175941047058551,1,1,1
Baila Electronica,1310565,386,0,https://cdn-images.dzcdn.net/images/artist/065f865a611c89f76d26612d9a83f55e/1000x1000-000000-80-0-0.jpg,https://www.deezer.com/artist/1310565,Go Ahead,33353,277,electrónica,0.0005987540951057282,0.0005985749133928138,0.05173638687580661,0.05044250009672371,1,0,3
Palatino,214767,322,0,https://cdn-images.dzcdn.net/images/artist/1a2e0409d25b3f0127210e7027178af5/1000x1000-000000-80-0-0.jpg,https://www.deezer.com/artist/214767,,0,0,pop latino,0.0004994788047255038,0.0004993541067082688,0.26081635312220786,0.23175941047058551,1,1,1
Rock Nation,403741,304,0,https://cdn-images.dzcdn.net/images/artist/091a2a67c720007bd508c7a82bc88cba/1000x1000-000000-80-0-0.jpg,https://www.deezer.com/artist/403741,,0,0,rock latino,0.0004715576293060657,0.0004714464809477188,0.26081635312220786,0.23175941047058551,1,1,2
Population 1,147857,295,0,https://cdn-images.dzcdn.net/images/artist/47ea620b74dc4d98c4cc65ca8a0fdc16/1000x1000-000000-80-0-0.jpg,https://www.deezer.com/artist/147857,,0,0,pop latino,0.00045759704159634666,0.0004574923759986691,0.26081635312220786,0.23175941047058551,1,0,1
Indie Rock Hits,11803245,280,0,https://cdn-images.dzcdn.net/images/artist/dbad37a97c27c91fa0743745271bca60/1000x1000-000000-80-0-0.jpg,https://www.deezer.com/artist/11803245,Say Something,150622,230,indie,0.0004343293954134816,0.0004342351017036535,0.23364129355703364,0.20997019729151803,1,0,2
Kings of the Reggaeton,4186453,280,0,https://cdn-images.dzcdn.net/images/artist//1000x1000-000000-80-0-0.jpg,https://www.deezer.com/artist/4186453,,0,0,reggaeton,0.0004343293954134816,0.0004342351017036535,0.26081635312220786,0.23175941047058551,0,0,0
Indie Anthony,68744362,247,0,https://cdn-images.dzcdn.net/images/artist/8c4aadbb5925a7f290ba73fe154fbb15/1000x1000-000000-80-0-0.jpg,https://www.deezer.com/artist/68744362,,0,0,indie,0.0003831405738111784,0.0003830671942040664,0.26081635312220786,0.23175941047058551,1,0,2
Velvet Salsa All Stars,1235853,241,0,https://cdn-images.dzcdn.net/images/artist/b57e67005502a80f08304e4de2e28db0/1000x1000-000000-80-0-0.jpg,https://www.deezer.com/artist/1235853,Sandra Mora,292438,254,salsa,0.00037383351533803235,0.000373763656999154,0.4536229276283133,0.3740590109723454,1,0,6
Musica Electronica Para Entrenar,230261735,230,0,https://cdn-images.dzcdn.net/images/artist/09f39741324eb4f9df1ba86522ce879c/1000x1000-000000-80-0-0.jpg,https://www.deezer.com/artist/230261735,Ritmos para Ejercicios Extremos,77041,173,electrónica,0.0003567705748039313,0.00035670694731556885,0.11950418197160727,0.11288589262058159,1,0,3
E.T.O. (Electronica Techno Orchestra),890349,226,0,https://cdn-images.dzcdn.net/images/artist/67352bc9b5966a783d687a31859eaba4/1000x1000-000000-80-0-0.jpg,https://www.deezer.com/artist/890349,The Marrige Of Figaro (as made famous by Mozart),6583,212,electrónica,0.0003505658691551673,0.00035050443529818196,0.01021139432145339,0.010159610261074743,1,0,3
Kali,64257962,218,0,https://cdn-images.dzcdn.net/images/artist/a224d6bc9d1961f3fb164e2e81b3e95a/1000x1000-000000-80-0-0.jpg,https://www.deezer.com/artist/64257962,,0,0,indie,0.0003381564578576392,0.00033809929584874905,0.26081635312220786,0.23175941047058551,1,1,2
De Electronica's,1481095,203,0,https://cdn-images.dzcdn.net/images/artist/f317166addb0021584ea14d6578c346d/1000x1000-000000-80-0-0.jpg,https://www.deezer.com/artist/1481095,,0,0,electrónica,0.00031488881167477414,0.0003148392445980541,0.26081635312220786,0.23175941047058551,1,0,3
Trap House Latino,199643177,203,0,https://cdn-images.dzcdn.net/images/artist/eef17dc5f5d52671f4f850dddcd80c07/1000x1000-000000-80-0-0.jpg,https://www.deezer.com/artist/199643177,Godfellas,73446,160,trap latino,0.00031488881167477414,0.0003148392445980541,0.1139277027697806,0.10789224062868154,1,0,0
Salsa Camará Instrumental,49128241,190,0,https://cdn-images.dzcdn.net/images/artist/e60667f39308460fc312167cf3e89c65/1000x1000-000000-80-0-0.jpg,https://www.deezer.com/artist/49128241,"Oh, Qué Será ?",77102,319,salsa,0.0002947235183162911,0.000294680095871701,0.11959880373275092,0.11297041018123341,1,0,6
Folk & Røvere,1226392,174,0,https://cdn-images.dzcdn.net/images/artist/4301bb6cdadd26fa79dc643abe6339ad/1000x1000-000000-80-0-0.jpg,https://www.deezer.com/artist/1226392,,0,0,folk,0.00026990469572123497,0.0002698682780015771,0.26081635312220786,0.23175941047058551,0,0,2
Rock Latino,122280072,167,0,https://cdn-images.dzcdn.net/images/artist/815336083550e4c566f62f0170d5587c/1000x1000-000000-80-0-0.jpg,https://www.deezer.com/artist/122280072,,0,0,rock latino,0.00025904646083589795,0.00025901291409478015,0.26081635312220786,0.23175941047058551,1,1,2
D.J. Reggaeton,347376,164,0,https://cdn-images.dzcdn.net/images/artist/272c0400cdf95f3e4a275e53c5e2c6a4/1000x1000-000000-80-0-0.jpg,https://www.deezer.com/artist/347376,Cae La Noche,31689,177,reggaeton,0.0002543929315993249,0.0002543605792041985,0.04915522932592078,0.04798529685149208,1,0,0
Salsa Power Band,280272751,164,0,https://cdn-images.dzcdn.net/images/artist/8d9424d8238eeee64f0d9cae7d780860/1000x1000-000000-80-0-0.jpg,https://www.deezer.com/artist/280272751,Sandra Mora,331118,287,salsa,0.0002543929315993249,0.0002543605792041985,0.5136224312518615,0.41450573900737014,1,0,6
Musica Electronica Nueva,225175085,153,0,https://cdn-images.dzcdn.net/images/artist/38109a4ef2abc41105419adc9ba0f541/1000x1000-000000-80-0-0.jpg,https://www.deezer.com/artist/225175085,Música para Superar tus Límites,101493,193,electrónica,0.00023732999106522386,0.00023730183275801346,0.15743354760250175,0.14620509505160276,1,0,3
Pop Latino Crew,11281880,148,0,https://cdn-images.dzcdn.net/images/artist/d77811db37b828bb52744d2b7dbf0b62/1000x1000-000000-80-0-0.jpg,https://www.deezer.com/artist/11281880,,0,0,pop latino,0.00022957410900426885,0.0002295477609009907,0.26081635312220786,0.23175941047058551,1,0,1
Dj Electronica,5168338,133,0,https://cdn-images.dzcdn.net/images/artist/b404ac3fe31df980f7c8b9ef8aa9f857/1000x1000-000000-80-0-0.jpg,https://www.deezer.com/artist/5168338,Solver,64990,180,electrónica,0.00020630646282140375,0.00020628518456961307,0.10081095502829346,0.09604714002632286,1,0,3
Trio Latino,123656,130,0,https://cdn-images.dzcdn.net/images/artist/4b0ca84f77172688d2841b7ca5a2acad/1000x1000-000000-80-0-0.jpg,https://www.deezer.com/artist/123656,Tres Regalos,33322,176,trap latino,0.00020165293358483073,0.00020163260436493766,0.05168830040702869,0.050396778023499955,1,1,0
Urbano Prodigy,5571484,129,0,https://cdn-images.dzcdn.net/images/artist/7d93410f2a8bb359d4a4bbe630cfecca/1000x1000-000000-80-0-0.jpg,https://www.deezer.com/artist/5571484,,0,0,urbano,0.00020010175717263972,0.0002000817394863662,0.26081635312220786,0.23175941047058551,1,0,0
The Kings of Reggaeton,1408043,101,0,https://cdn-images.dzcdn.net/images/artist/e6fb8cb428f57d05de206583317d62d5/1000x1000-000000-80-0-0.jpg,https://www.deezer.com/artist/1408043,Still loving you,113825,242,reggaeton,0.00015666881763129158,0.00015665654635375022,0.17656265511764122,0.16259718328586242,1,0,0
Urbano de Castro,1427583,93,0,https://cdn-images.dzcdn.net/images/artist/22bcc8404f288122776129a57d210219/1000x1000-000000-80-0-0.jpg,https://www.deezer.com/artist/1427583,Kia Lumingo,22458,210,urbano,0.00014425940633376353,0.00014424900194621413,0.03483631986498561,0.03424326915309924,1,0,0
Indie Allen,14164191,85,0,https://cdn-images.dzcdn.net/images/artist/12c527e3837c5fd5ea86d20fdc696d51/1000x1000-000000-80-0-0.jpg,https://www.deezer.com/artist/14164191,Lose Control,435290,205,indie,0.00013184999503623547,0.00013184130358960967,0.6752115804626229,0.5159394739938511,1,1,2
PERREO REGGAETON MX,286521061,81,0,https://cdn-images.dzcdn.net/images/artist/14a33c557dc51d112dc840f161bd2fb5/1000x1000-000000-80-0-0.jpg,https://www.deezer.com/artist/286521061,,0,0,reggaeton,0.00012564528938747145,0.00012563739667921297,0.26081635312220786,0.23175941047058551,1,0,0
Allen Folk,73665622,71,0,https://cdn-images.dzcdn.net/images/artist/77e65e626d88634ddd2e4a1bef534a20/1000x1000-000000-80-0-0.jpg,https://www.deezer.com/artist/73665622,When The Sun Goes Down,309408,153,folk,0.0001101335252655614,0.0001101274610141152,0.47994639134319467,0.3920058650545798,1,1,2
Salsa 2000,1220835,68,0,https://cdn-images.dzcdn.net/images/artist/cb350186a35bfe2ccfedf2c2409a4396/1000x1000-000000-80-0-0.jpg,https://www.deezer.com/artist/1220835,Por Qué Me Abandonó,92846,279,salsa,0.00010547999602898838,0.00010547443340536749,0.1440205251662861,0.13454883437557938,1,1,6
Indie Elephant,115410792,67,0,https://cdn-images.dzcdn.net/images/artist/66860d5cb459e0c50b645726aacf7b80/1000x1000-000000-80-0-0.jpg,https://www.deezer.com/artist/115410792,Astral (Original Mix),61475,417,indie,0.00010392881961679738,0.00010392341939118006,0.09535856993944207,0.09108177079668,1,0,2
Indie,86217082,65,0,https://cdn-images.dzcdn.net/images/artist/e12404676f263ae6f1f90b6fe16643e0/1000x1000-000000-80-0-0.jpg,https://www.deezer.com/artist/86217082,,0,0,indie,0.00010082646679241536,0.0001008213841458531,0.26081635312220786,0.23175941047058551,1,1,2
The Electronica's,5507018,63,0,https://cdn-images.dzcdn.net/images/artist/3d33c3c48759c1b6e6274e4de4447713/1000x1000-000000-80-0-0.jpg,https://www.deezer.com/artist/5507018,,0,0,electrónica,9.772411396803336e-05,9.771933927787366e-05,0.26081635312220786,0.23175941047058551,1,0,3
Folk & Rackare,324412,58,0,https://cdn-images.dzcdn.net/images/artist/1abfee7d9f301c89ce2028f06d70ea45/1000x1000-000000-80-0-0.jpg,https://www.deezer.com/artist/324412,,0,0,folk,8.996823190707833e-05,8.996418500842848e-05,0.26081635312220786,0.23175941047058551,0,0,2
Urbano Arroyo,10615461,54,0,https://cdn-images.dzcdn.net/images/artist/f0882f7941cbb2c86a809fbf663e719f/1000x1000-000000-80-0-0.jpg,https://www.deezer.com/artist/10615461,,0,0,urbano,8.37635262583143e-05,8.376001829004051e-05,0.26081635312220786,0.23175941047058551,1,0,0
Urbano Band,2097841,45,0,https://cdn-images.dzcdn.net/images/artist/91ce9fb38559e76eca3511b82debda03/1000x1000-000000-80-0-0.jpg,https://www.deezer.com/artist/2097841,,0,0,urbano,6.980293854859525e-05,6.980050243684475e-05,0.26081635312220786,0.23175941047058551,1,1,0
Tres Latino,455249,43,0,https://cdn-images.dzcdn.net/images/artist/68867c404d16385ee455838b0c07c60e/1000x1000-000000-80-0-0.jpg,https://www.deezer.com/artist/455249,"El Tiburón, Merengue",31904,296,trap latino,6.670058572421324e-05,6.669836133905658e-05,0.049488732254541846,0.048303123922242355,1,1,0
Jaquarious indie,356888522,42,0,https://cdn-images.dzcdn.net/images/artist/df97370ce088992ea80adb9711eb309b/1000x1000-000000-80-0-0.jpg,https://www.deezer.com/artist/356888522,all the time,278631,94,indie,6.514940931202223e-05,6.514728718142525e-05,0.4322058349051921,0.3592157976678607,1,0,2
Platinò,1248470,37,0,https://cdn-images.dzcdn.net/images/artist/1731bf1795b4fa7d7578cf1eff3528be/1000x1000-000000-80-0-0.jpg,https://www.deezer.com/artist/1248470,,0,0,pop latino,5.739352725106721e-05,5.739188030559776e-05,0.26081635312220786,0.23175941047058551,1,1,1
Electronica D. Foundation,236598951,34,0,https://cdn-images.dzcdn.net/images/artist/d9dc37f3fd0ba8e69963e6e35eeed805/1000x1000-000000-80-0-0.jpg,https://www.deezer.com/artist/236598951,Sandstorm,21791,250,electrónica,5.273999801449419e-05,5.2738607309695875e-05,0.0338016851980542,0.03324296387912543,1,0,3
Pop Latin Urban Boys,1214295,33,0,https://cdn-images.dzcdn.net/images/artist/d3b00152fda9d82594bc217f144d30c3/1000x1000-000000-80-0-0.jpg,https://www.deezer.com/artist/1214295,,0,0,pop latino,5.1188821602303185e-05,5.11875114992829e-05,0.26081635312220786,0.23175941047058551,1,0,1
Trap Nation (UK),144416562,29,0,https://cdn-images.dzcdn.net/images/artist/0261c3ff43da3e2bec21fb32077323ac/1000x1000-000000-80-0-0.jpg,https://www.deezer.com/artist/144416562,,0,0,trap latino,4.4984115953539164e-05,4.4983104198536924e-05,0.26081635312220786,0.23175941047058551,1,0,0
Urbano Moraes,5364304,29,0,https://cdn-images.dzcdn.net/images/artist/8ddee2cde36a3a879006f0869e42271d/1000x1000-000000-80-0-0.jpg,https://www.deezer.com/artist/5364304,Cuestión de Honor,7003,286,urbano,4.4984115953539164e-05,4.4983104198536924e-05,0.010862888414573613,0.010804311073163451,1,0,0
La Banda Pop Latina,1452160,23,0,https://cdn-images.dzcdn.net/images/artist/378dbdbf1403b4b88bdd16da79657110/1000x1000-000000-80-0-0.jpg,https://www.deezer.com/artist/1452160,,0,0,pop latino,3.567705748039313e-05,3.5676421069314705e-05,0.26081635312220786,0.23175941047058551,1,0,1
Urban O,111692912,23,0,https://cdn-images.dzcdn.net/images/artist/67a73debf2093ef9bbf3cf5234638abe/1000x1000-000000-80-0-0.jpg,https://www.deezer.com/artist/111692912,Money Check,90292,125,urbano,3.567705748039313e-05,3.5676421069314705e-05,0.14005882060955027,0.13107985810124462,1,1,0
THIS IS REGGAETON,209179827,18,0,https://cdn-images.dzcdn.net/images/artist/7ab276c792e092e74270e13c93b18c1a/1000x1000-000000-80-0-0.jpg,https://www.deezer.com/artist/209179827,Perro Amarrado,65592,215,reggaeton,2.7921175419438103e-05,2.7920785630675255e-05,0.10174476322843244,0.09689507158905108,1,0,0
Hackney Electronica,310682921,15,0,https://cdn-images.dzcdn.net/images/artist/1a7c1e19eae9e97adbba49c014f61600/1000x1000-000000-80-0-0.jpg,https://www.deezer.com/artist/310682921,,0,0,electrónica,2.3267646182865086e-05,2.3267375495384473e-05,0.26081635312220786,0.23175941047058551,1,0,3
-Urbano-,91767432,15,0,https://cdn-images.dzcdn.net/images/artist/f68e4fafac1f0f29e84c30f70f05b857/1000x1000-000000-80-0-0.jpg,https://www.deezer.com/artist/91767432,,0,0,urbano,2.3267646182865086e-05,2.3267375495384473e-05,0.26081635312220786,0.23175941047058551,1,1,0
Marimba Orquesta Sonora Latina De Miguel Rocche,156942572,10,0,https://cdn-images.dzcdn.net/images/artist/a8b8181990c08a6a39bb49e4e425fa73/1000x1000-000000-80-0-0.jpg,https://www.deezer.com/artist/156942572,,0,0,rock latino,1.5511764121910058e-05,1.5511643815741077e-05,0.26081635312220786,0.23175941047058551,1,0,2
Urbano Eletroacustico,110826172,10,0,https://cdn-images.dzcdn.net/images/artist/6a6994721f8d00f64ea712468db92dbb/1000x1000-000000-80-0-0.jpg,https://www.deezer.com/artist/110826172,,0,0,urbano,1.5511764121910058e-05,1.5511643815741077e-05,0.26081635312220786,0.23175941047058551,1,0,0
Electronica Nacional,125194802,10,0,https://cdn-images.dzcdn.net/images/artist/886db7857570b05535f62446d1364d56/1000x1000-000000-80-0-0.jpg,https://www.deezer.com/artist/125194802,,0,0,electrónica,1.5511764121910058e-05,1.5511643815741077e-05,0.26081635312220786,0.23175941047058551,1,0,3
Urbano Medeiros,12172736,9,0,https://cdn-images.dzcdn.net/images/artist/1449b184cd2739c1313ce555dcdf93bc/1000x1000-000000-80-0-0.jpg,https://www.deezer.com/artist/12172736,,0,0,urbano,1.3960587709719051e-05,1.3960490261621405e-05,0.26081635312220786,0.23175941047058551,1,0,0
INDIE CINDY,230358045,8,0,https://cdn-images.dzcdn.net/images/artist/8a96377fda58e4902483d56067b1a00d/1000x1000-000000-80-0-0.jpg,https://www.deezer.com/artist/230358045,,0,0,indie,1.2409411297528045e-05,1.2409334301420652e-05,0.26081635312220786,0.23175941047058551,1,1,2
"Franksen, C-Rock, Ben Nook, Peter Latino",12126982,7,0,https://cdn-images.dzcdn.net/images/artist//1000x1000-000000-80-0-0.jpg,https://www.deezer.com/artist/12126982,,0,0,rock latino,1.085823488533704e-05,1.0858175935131357e-05,0.26081635312220786,0.23175941047058551,1,0,2
Team Latino,4678753,6,0,https://cdn-images.dzcdn.net/images/artist/88db99b27a1d3cd7d1b79346d917cd37/1000x1000-000000-80-0-0.jpg,https://www.deezer.com/artist/4678753,Mi Equivoque,24397,255,trap latino,9.307058473146034e-06,9.307015162746051e-06,0.03784405092822397,0.037145533503003085,1,1,0
Reggaeton Sensual,279397911,6,0,https://cdn-images.dzcdn.net/images/artist/9db2766bc6f4004208fbcf4600e2c819/1000x1000-000000-80-0-0.jpg,https://www.deezer.com/artist/279397911,,0,0,reggaeton,9.307058473146034e-06,9.307015162746051e-06,0.26081635312220786,0.23175941047058551,1,0,0
The Salsa Lounge,161597372,6,0,https://cdn-images.dzcdn.net/images/artist/41f18e0142c3283b0885cb0835d210a6/1000x1000-000000-80-0-0.jpg,https://www.deezer.com/artist/161597372,Out the Blue,8048,122,salsa,9.307058473146034e-06,9.307015162746051e-06,0.012483867765313213,0.012406586800328833,1,0,6
Urbano All Stars,261404841,6,0,https://cdn-images.dzcdn.net/images/artist/6051eaa16afcaf0c34a7f6f2762cec5c/1000x1000-000000-80-0-0.jpg,https://www.deezer.com/artist/261404841,Baker Street,31444,235,urbano,9.307058473146034e-06,9.307015162746051e-06,0.04877519110493398,0.04762299863469446,1,0,0
Urbano Europe,210948617,5,0,https://cdn-images.dzcdn.net/images/artist/f2a026acabc231f61bb607e8bd837edf/1000x1000-000000-80-0-0.jpg,https://www.deezer.com/artist/210948617,,0,0,urbano,7.755882060955029e-06,7.755851984257271e-06,0.26081635312220786,0.23175941047058551,1,0,0
La Quinta Rock Latino Ec,291824241,4,0,https://cdn-images.dzcdn.net/images/artist/34ea0b71fd4a6a8099947030b725937c/1000x1000-000000-80-0-0.jpg,https://www.deezer.com/artist/291824241,,0,0,rock latino,6.204705648764022e-06,6.204686399657551e-06,0.26081635312220786,0.23175941047058551,1,0,2
Indie Indie,238792671,4,0,https://cdn-images.dzcdn.net/images/artist/6ae7f299801b27a6276479d248c5c7ff/1000x1000-000000-80-0-0.jpg,https://www.deezer.com/artist/238792671,,0,0,indie,6.204705648764022e-06,6.204686399657551e-06,0.26081635312220786,0.23175941047058551,1,1,2
Ethno Electronica,355288602,3,0,https://cdn-images.dzcdn.net/images/artist/e20c8037eb9e52395dd316064e6e9b4f/1000x1000-000000-80-0-0.jpg,https://www.deezer.com/artist/355288602,,0,0,electrónica,4.653529236573017e-06,4.65351840893943e-06,0.26081635312220786,0.23175941047058551,1,0,3
OurVinyl | Folk,377220651,2,0,https://cdn-images.dzcdn.net/images/artist/5ee8c568f70d7097ea300fd8feda8203/1000x1000-000000-80-0-0.jpg,https://www.deezer.com/artist/377220651,I Can't Get My Head Around You (OurVinyl Sessions),135255,184,folk,3.102352824382011e-06,3.1023480120954403e-06,0.20980436563089447,0.19045866524003843,1,0,2
Slavic Folk,351055332,2,0,https://cdn-images.dzcdn.net/images/artist/e98fc900601ae5194199a797a488b992/1000x1000-000000-80-0-0.jpg,https://www.deezer.com/artist/351055332,,0,0,folk,3.102352824382011e-06,3.1023480120954403e-06,0.26081635312220786,0.23175941047058551,1,1,2
LIRICAS DEL REGGAETON,263368971,1,0,https://cdn-images.dzcdn.net/images/artist/480333c2b21348be895671cde8360c37/1000x1000-000000-80-0-0.jpg,https://www.deezer.com/artist/263368971,COMO HAS ESTADO,106142,152,reggaeton,1.5511764121910056e-06,1.5511752091181188e-06,0.16464496674277773,0.15241629099506032,1,0,0
TRAP LATINO,407534992,1,0,https://cdn-images.dzcdn.net/images/artist//1000x1000-000000-80-0-0.jpg,https://www.deezer.com/artist/407534992,,0,0,trap latino,1.5511764121910056e-06,1.5511752091181188e-06,0.26081635312220786,0.23175941047058551,1,1,0
Re:Covered Indie,395975151,1,0,https://cdn-images.dzcdn.net/images/artist/5b5044ac9634e757012a5c1bfa2e7655/1000x1000-000000-80-0-0.jpg,https://www.deezer.com/artist/395975151,,0,0,indie,1.5511764121910056e-06,1.5511752091181188e-06,0.26081635312220786,0.23175941047058551,1,0,2
Frecuencia Latina Por siempre,243483921,0,0,https://cdn-images.dzcdn.net/images/artist/03c161de0a9be2bd702ab5e93f99d5dc/1000x1000-000000-80-0-0.jpg,https://www.deezer.com/artist/243483921,,0,0,pop latino,0.0,0.0,0.26081635312220786,0.23175941047058551,1,0,1
Pacifistes Rock latino System,374218891,0,0,https://cdn-images.dzcdn.net/images/artist//1000x1000-000000-80-0-0.jpg,https://www.deezer.com/artist/374218891,,0,0,rock latino,0.0,0.0,0.26081635312220786,0.23175941047058551,1,0,2
Kritical Trap Latino,361114922,0,0,https://cdn-images.dzcdn.net/images/artist/c1075c565661bd4834030d5d4773ac30/1000x1000-000000-80-0-0.jpg,https://www.deezer.com/artist/361114922,,0,0,trap latino,0.0,0.0,0.26081635312220786,0.23175941047058551,1,0,0
Latino Pop,249245952,0,0,https://cdn-images.dzcdn.net/images/artist//1000x1000-000000-80-0-0.jpg,https://www.deezer.com/artist/249245952,,0,0,pop latino,0.0,0.0,0.26081635312220786,0.23175941047058551,1,1,1
the hyper folk,379670221,0,0,https://cdn-images.dzcdn.net/images/artist/7e26653f0f2b6844f3787421f50eee72/1000x1000-000000-80-0-0.jpg,https://www.deezer.com/artist/379670221,,0,0,folk,0.0,0.0,0.26081635312220786,0.23175941047058551,1,0,2
